<server>
	<dataSource id="FNOSDS" jndiName="FNOSDS"    isolationLevel="TRANSACTION_READ_COMMITTED"  type="javax.sql.DataSource">
		<jdbcDriver libraryRef="DB2JCC4Lib"/>
		<properties.db2.jcc
			databaseName="OS1DB"
			serverName="localhost"
			portNumber="50000"
    	user="db2inst1"
			password="IBMFileNetP8"
			resultSetHoldability="HOLD_CURSORS_OVER_COMMIT"
		/>
		<connectionManager enableSharingForDirectLookups="false"/>
	</dataSource>

	<dataSource id="FNOSDSXA" jndiName="FNOSDSXA"  isolationLevel="TRANSACTION_READ_COMMITTED"  type="javax.sql.XADataSource" supplementalJDBCTrace="true">
		<properties.db2.jcc
			databaseName="OS1DB"
			serverName="localhost"
			portNumber="50000"
    	user="db2inst1"
			password="IBMFileNetP8"
		/>
		<connectionManager enableSharingForDirectLookups="true"/>
		<jdbcDriver libraryRef="DB2JCC4Lib"/>
	</dataSource>
</server>
