<server>
	<dataSource id="FNGCDDS" jndiName="FNGCDDS" isolationLevel="TRANSACTION_READ_COMMITTED" type="javax.sql.DataSource">
		<jdbcDriver libraryRef="DB2JCC4Lib"/>
		<properties.db2.jcc
			databaseName="GCDDB"
			serverName="localhost"
			portNumber="50000"
			user="db2inst1"
			password="filenet"
			resultSetHoldability="HOLD_CURSORS_OVER_COMMIT"
		/>
		<connectionManager enableSharingForDirectLookups="false"/>
	</dataSource>

	<dataSource id="FNGCDDSXA" jndiName="FNGCDDSXA" isolationLevel="TRANSACTION_READ_COMMITTED" type="javax.sql.XADataSource" supplementalJDBCTrace="true">
		<properties.db2.jcc
			databaseName="GCDDB"
			serverName="localhost"
			portNumber="50000"
			user="db2inst1"
			password="filenet"
		/>
		<connectionManager enableSharingForDirectLookups="true"/>
		<jdbcDriver libraryRef="DB2JCC4Lib"/>
	</dataSource>
</server>
